class,order,family,genus,species
Entognatha,Symphypleona,Sminthuridae,Allacma,Allacma fusca
Entognatha,Poduromorpha,Neanuridae,Anurida,Anurida maritima
Entognatha,Poduromorpha,Neanuridae,Bilobella,Bilobella aurantiaca
Entognatha,Poduromorpha,Neanuridae,Bilobella,Bilobella braunerae
Entognatha,Symphypleona,Bourletiellidae,Bourletiella,Bourletiella arvalis
Entognatha,Symphypleona,Bourletiellidae,Bourletiella,Bourletiella hortensis
Entognatha,Poduromorpha,Brachystomellidae,Brachystomella,Brachystomella parvula
Entognatha,Symphypleona,Sminthuridae,Caprainea,Caprainea marginata
Entognatha,Poduromorpha,Hypogastruridae,Ceratophysella,Ceratophysella denticulata
Entognatha,Poduromorpha,Hypogastruridae,Ceratophysella,Ceratophysella longispina
Entognatha,Entomobryomorpha,Cyphoderidae,Cyphoderus,Cyphoderus albinus
Entognatha,Symphypleona,Bourletiellidae,Deuterosminthurus,Deuterosminthurus bicinctus
Entognatha,Symphypleona,Bourletiellidae,Deuterosminthurus,Deuterosminthurus pallipes
Entognatha,Symphypleona,Dicyrtomidae,Dicyrtoma,Dicyrtoma fusca
Entognatha,Symphypleona,Dicyrtomidae,Dicyrtomina,Dicyrtomina flavosignata
Entognatha,Symphypleona,Dicyrtomidae,Dicyrtomina,Dicyrtomina minuta
Entognatha,Symphypleona,Dicyrtomidae,Dicyrtomina,Dicyrtomina ornata
Entognatha,Symphypleona,Dicyrtomidae,Dicyrtomina,Dicyrtomina saundersi
Entognatha,Symphypleona,Dicyrtomidae,Dicyrtomina,Dicyrtomina signata
Entognatha,Entomobryomorpha,Entomobryidae,Entomobrya,Entomobrya albocincta
Entognatha,Entomobryomorpha,Entomobryidae,Entomobrya,Entomobrya atrocincta
Entognatha,Entomobryomorpha,Entomobryidae,Entomobrya,Entomobrya corticalis
Entognatha,Entomobryomorpha,Entomobryidae,Entomobrya,Entomobrya marginata
Entognatha,Entomobryomorpha,Entomobryidae,Entomobrya,Entomobrya multifasciata
Entognatha,Entomobryomorpha,Entomobryidae,Entomobrya,Entomobrya muscorum
Entognatha,Entomobryomorpha,Entomobryidae,Entomobrya,Entomobrya nicoleti
Entognatha,Entomobryomorpha,Entomobryidae,Entomobrya,Entomobrya nigrocincta
Entognatha,Entomobryomorpha,Entomobryidae,Entomobrya,Entomobrya nivalis
Entognatha,Entomobryomorpha,Entomobryidae,Entomobrya,Entomobrya superba
Entognatha,Symphypleona,Bourletiellidae,Fasciosminthurus,Fasciosminthurus quinquefasciatus
Entognatha,Entomobryomorpha,Isotomidae,Folsomia,Folsomia candida
Entognatha,Entomobryomorpha,Isotomidae,Folsomia,Folsomia quadrioculata
Entognatha,Entomobryomorpha,Entomobryidae,Heteromurus,Heteromurus major
Entognatha,Entomobryomorpha,Entomobryidae,Heteromurus,Heteromurus nitidus
Entognatha,Poduromorpha,Hypogastruridae,Hypogastrura,Hypogastrura viatica
Entognatha,Entomobryomorpha,Isotomidae,Isotoma,Isotoma riparia
Entognatha,Entomobryomorpha,Isotomidae,Isotoma,Isotoma viridis
Entognatha,Entomobryomorpha,Isotomidae,Isotomiella,Isotomiella minor
Entognatha,Entomobryomorpha,Isotomidae,Isotomurus,Isotomurus gallicus
Entognatha,Entomobryomorpha,Isotomidae,Isotomurus,Isotomurus maculatus
Entognatha,Entomobryomorpha,Isotomidae,Isotomurus,Isotomurus palustris
Entognatha,Entomobryomorpha,Isotomidae,Isotomurus,Isotomurus unifasciatus
Entognatha,Poduromorpha,Onychiuridae,Kalaphorura,Kalaphorura burmeisteri
Entognatha,Entomobryomorpha,Entomobryidae,Lepidocyrtus,Lepidocyrtus curvicollis
Entognatha,Entomobryomorpha,Entomobryidae,Lepidocyrtus,Lepidocyrtus cyaneus
Entognatha,Entomobryomorpha,Entomobryidae,Lepidocyrtus,Lepidocyrtus fimetarius
Entognatha,Entomobryomorpha,Entomobryidae,Lepidocyrtus,Lepidocyrtus lignorum
Entognatha,Entomobryomorpha,Entomobryidae,Lepidocyrtus,Lepidocyrtus paradoxus
Entognatha,Neelipleona,Neelidae,Megalothorax,Megalothorax minimus
Entognatha,Poduromorpha,Neanuridae,Monobella,Monobella grassei
Entognatha,Poduromorpha,Neanuridae,Neanura,Neanura muscorum
Entognatha,Neelipleona,Neelidae,Neelus,Neelus murinus
Entognatha,Entomobryomorpha,Entomobryidae,Orchesella,Orchesella bifasciata
Entognatha,Entomobryomorpha,Entomobryidae,Orchesella,Orchesella cincta
Entognatha,Entomobryomorpha,Entomobryidae,Orchesella,Orchesella flavescens
Entognatha,Entomobryomorpha,Entomobryidae,Orchesella,Orchesella quinquefasciata
Entognatha,Entomobryomorpha,Entomobryidae,Orchesella,Orchesella villosa
Entognatha,Entomobryomorpha,Isotomidae,Parisotoma,Parisotoma notabilis
Entognatha,Poduromorpha,Poduridae,Podura,Podura aquatica
Entognatha,Entomobryomorpha,Tomoceridae,Pogonognathellus,Pogonognathellus flavescens
Entognatha,Entomobryomorpha,Tomoceridae,Pogonognathellus,Pogonognathellus longicornis
Entognatha,Entomobryomorpha,Entomobryidae,Seira,Seira ferrarii
Entognatha,Entomobryomorpha,Entomobryidae,Seira,Seira musarum
Entognatha,Symphypleona,Sminthurididae,Sminthurides,Sminthurides aquaticus
Entognatha,Symphypleona,Sminthurididae,Sminthurides,Sminthurides malmgreni
Entognatha,Symphypleona,Sminthurididae,Sminthurides,Sminthurides penicillifer
Entognatha,Symphypleona,Katiannidae,Sminthurinus,Sminthurinus aureus
Entognatha,Symphypleona,Katiannidae,Sminthurinus,Sminthurinus elegans
Entognatha,Symphypleona,Katiannidae,Sminthurinus,Sminthurinus lawrencei
Entognatha,Symphypleona,Katiannidae,Sminthurinus,Sminthurinus niger
Entognatha,Symphypleona,Katiannidae,Sminthurinus,Sminthurinus trinotatus
Entognatha,Symphypleona,Sminthuridae,Sminthurus,Sminthurus viridis
Entognatha,Entomobryomorpha,Tomoceridae,Tomocerus,Tomocerus minor
Entognatha,Entomobryomorpha,Tomoceridae,Tomocerus,Tomocerus vulgaris
Entognatha,Entomobryomorpha,Isotomidae,Vertagopus,Vertagopus asiaticus
Entognatha,Poduromorpha,Neanuridae,Vitronura,Vitronura giselae
Entognatha,Entomobryomorpha,Entomobryidae,Willowsia,Willowsia buski
Entognatha,Entomobryomorpha,Entomobryidae,Willowsia,Willowsia nigromaculata
Entognatha,Entomobryomorpha,Entomobryidae,Willowsia,Willowsia platani
